websites,,,,,,,,,,,
http://p0f.desi/Login_to_Your_Account(9).htm,,,,,,,,,,,
https://bitly.com/a/warning?hash=2oOkGv9&amp;url=http%3A%2F%2Fphotoserver.96.lt%2F,,,,,,,,,,,
http://goodnessvanillalive.com/xupx/chinko/index.php?email=abuse@pnb.com.ph,,,,,,,,,,,
http://gusp.pt/olasa/driveup/df1300056d9b054301c0650015536105/login.php,,,,,,,,,,,
http://previewphotos.16mb.com/,,,,,,,,,,,
http://matchphotos021.96.lt/index.htm,,,,,,,,,,,
http://karikari.com.br/wa_gallery/,,,,,,,,,,,
http://innoscript.nl/paypal-customer/webapps/c74b1/websrc,,,,,,,,,,,
http://searchtripdeals.com/!!..HXtR77LffQ..!!/home/,,,,,,,,,,,
http://platerom.ro/mygenlvl/products/viewer.php,,,,,,,,,,,
http://piewerks.com/chinex/ogs/draft/mail.htm?cmd=lob=rbglogon&amp;_pagelabel=page_logonform&amp;secured_page,,,,,,,,,,,
http://festivalbecause.org/boks/rap/olsag/almiu.html?SDDSNSADNSDBSDA=SDAHSADGJHDSAHSADGDS7JHSDANSADSDAMBNSNDASDANMBDSAASD5SDBSADBJKNMASNBMDASNMSAD9MNSADBASDMNBSDABSDAMNSDAMNSDA8SADNMSDABNSDMABBMDANNDMSBDASBNASD,,,,,,,,,,,
http://superhousepictures.com/dhl/awb/tracking/DHL%20AUTO/dhl.php?.rand=13InboxLight.aspx?n=1774256418&amp;email=abuse@worldwide.fr&amp;fav.1=&amp;fid=1&amp;fid=4&amp;fid.1=&amp;fid.1252899642=&amp;fid.4.1252899642=&amp;rand=13InboxLightaspxn.1774256418&amp;rand.13InboxLight.aspxn.1774256418=,,,,,,,,,,,
http://liceosanconrado.cl/836gsg5/casts/,,,,,,,,,,,
https://verifyonline.live/new/hass/e175e0395a5fcceb980485ac37f043f1/login.html,,,,,,,,,,,
http://oa.ying-zhuo.com/bbsnew/utrasfc/harghi.html,,,,,,,,,,,
https://goo.gl/dJIYS9?8DEM7RYRRN8ZEGR06BMKFBQTSMGZDHXLC01YTPLRIICWZV0WIT7YYMAUDT97GEQA5LJWDETP5U7W6O2IBBJYTFXR3R1IUE7T3YB9.get,,,,,,,,,,,
http://eveannlovero.com/modules/footer/mp/autoexcel/excel/index.php?email=onxkoxokfxouu.ml,,,,,,,,,,,
http://www.100clubchicago.org/asset/office/350/,,,,,,,,,,,
http://paypal.gb-ppsweb.com/sd/confirm.php?cmd=process,,,,,,,,,,,
https://www.polyplanltd.com/js/en/,,,,,,,,,,,
http://hubenbartl.at/www.google.com/,,,,,,,,,,,
http://www.radaradt.com/portal/libraries/gantry/facets/menu/themes/touch/esp//mxea.php,,,,,,,,,,,
http://www.ecutrack.com/box1/dropbx.php,,,,,,,,,,,
http://gsl.xiyoukeji.com/ueditor/feed/zabbbbbbi.html,,,,,,,,,,,
http://manieyt.tk/?cliente=%25email%25&amp;oid=%25rand6%25,,,,,,,,,,,
http://amazon-check-81.de-support.ru/vetos/anmelden.php?assoc_handle=Gji6IY9QzwCnDqBdAlUSE7ZgbxtaLH&amp;openid_claim=KTDZ4L3fSao5kCNeMRpW&amp;identifier_select=ayiAIKX8OxQfRe3VEwov&amp;pape_max=jxo6VWOXYNc4PAIvHuLzUDmyZlw9eM,,,,,,,,,,,
http://manage.apple.com.webobjectsd5dbc98dcc983a7028bd82d1a47541.divinityhousingprojects.com/7ae1c6c2293e74bc814747a63bde302f/login.html?cgi-bin/WepObjecls/myid.wa/726/wa/WJLJbjIY488eKrOASmkAew/2.0=,,,,,,,,,,,
http://omahcorp.co.id/dx/b0028c287609714d60df89942ca88094/,,,,,,,,,,,
http://deltaseguridadbolivia.com/img/public/,,,,,,,,,,,
http://igforweddingpros.com/hhhhhhh/driveup/66dc158d3547ff71bd59d802589a4704/login.php?cmd=login_submit&amp;id=e7b9e463900f074efb5f7ed29509dba9e7b9e463900f074efb5f7ed29509dba9&amp;session=e7b9e463900f074efb5f7ed29509dba9e7b9e463900f074efb5f7ed29509dba9,,,,,,,,,,,
http://omahcorp.co.id/dx/012962f7ce4c0854415e6bd264535560/,,,,,,,,,,,
http://i-house.se/wp-trackback/en/?83199a1c6dc81bf0be202d27a83fa6ea=&amp;_Email=&amp;cmd=_home&amp;dispatch=1f8f0b48dbdb92536e9f355fe5c05c1210088af655be910b6ee49393c9da77a2,,,,,,,,,,,
http://cic.com.jo/libraries/openid/Auth/OpenID/system/login.php?id=/Secure/promocao.do?=9J8GI90IN/IJSY563/TLR1TV8VVXO0VXT4FDDPW3QGMKFSRITL5MM/IUVESKPPJKT1Y9QVBIC/4TTVDNHIA6IU2FAV21LMLGNKPFH3YV33PW/4LINXO8SQO5NQ60ESQ3EHJWLISOMJMMO07C9VL3NA8B3DMH8ELMX7JJ,,,,,,,,,,,
http://ad-blockeds.com/--/www.impots.gouv.fr/file/dd14aa66803d699fee4b16424002d39d/,,,,,,,,,,,
http://ad-blockeds.com/--/www.impots.gouv.fr/file/cf036cb9af9ed6833821231c37a85a51/,,,,,,,,,,,
http://town-el.com/images/metalware/xkzero/docusign.com/ldcs/index.php,,,,,,,,,,,
http://www.scoreyourexback.com/aol.net/www.aol.com/,,,,,,,,,,,
http://nanotechnopolis.com/validdocument/f4d2dfb73a486890c95a3b59d9090b5f/,,,,,,,,,,,
http://saughallmassie.org/we/seniorpeoplemeet/v3/login.html,,,,,,,,,,,
http://www.paypal-resolveds.com.informations-payments.nut.cc/webapps/11fe9/websrc,,,,,,,,,,,
http://uesi.aesbiz.com/wp-content/themes/twentyfifteen/inc/monn.htm,,,,,,,,,,,
http://www.lhndemo.com/wp-css/update.html,,,,,,,,,,,
http://www.abcroadandlockassistance.com/IWA/GD/,,,,,,,,,,,
http://www.sanitaire-express.fr/skin/frontend/AdobeVerify/index.html,,,,,,,,,,,
http://www.eventhire4u.com/parosky/c20fc985e383229ad100f434ac404397/,,,,,,,,,,,
http://crimsonadvisorygroup.com/wp-admin/online-banking/Cappi/last.php,,,,,,,,,,,
http://crimsonadvisorygroup.com/wp-admin/online-banking/Cappi/One360.php,,,,,,,,,,,
http://hoiniki.by/wp-content/ngg/modules/1/sa/admin.html?cmd=login_submit&id=2bc80f183ebb9b18b4d8aee3dd0f285b2bc80f183ebb9b18b4d8aee3dd0f285b&session=2bc80f183ebb9b18b4d8aee3dd0f285b2bc80f183ebb9b18b4d8aee3dd0f285b,,,,,,,,,,,
http://hoiniki.by/wp-content/ngg/modules/1/sa/index.php,,,,,,,,,,,
http://www.nnordson.com/%7b%7d/781687308acaa5e461dab88736b39e34/,,,,,,,,,,,
http://brimkers.com/ausinvcontracts/ms/,,,,,,,,,,,
http://shop.luigibaldo.com/cloud/logintoyouraccount.securebilling/mi/index/web/?cmd=_home&amp;dispatch=555606b0a4d860fd354737db90bab544fe7974ef615f736adf3f3e2bdbf7cdba,,,,,,,,,,,
http://shop.luigibaldo.com/cloud/logintoyouraccount.securebilling/mi/index/web/?cmd=_home&amp;dispatch=2ba3c72314b849ba8955e6f6f78ff91fbeba385965514ba08abc073eee3035aa,,,,,,,,,,,
http://besame.com/buscador/china/,,,,,,,,,,,
https://tetedebois.ca/wonderland/Gdoccc/,,,,,,,,,,,
http://freestyle.d934713.u-telcom.net/Boa_Fud_2016/home/login.php?cmd=login_submit&amp;id=955fff482125ffb3577497009f6b3eab955fff482125ffb3577497009f6b3eab&amp;session=955fff482125ffb3577497009f6b3eab955fff482125ffb3577497009f6b3eab,,,,,,,,,,,
http://zovermedical.com.sa/worthie/aptgd/,,,,,,,,,,,
http://cic.com.jo/libraries/openid/Auth/OpenID/system/login.php?id=/Dentro/promocao.do?=KYT0047JARMGBJKNKG6D6KA7PBYU47HO6CYGG71SYNAB9V1TD89JTKQJXQF2XXR5BRLSYNMYCXBLTCG9LPSFBK10BGCAE6GRX4KXR8X570Q1N8A0Y4PBORM29/CO7TG5Y34QB2VICNK1VVBV/38PUUR4V5T4/A0YDDQP,,,,,,,,,,,
http://nanotechnopolis.com/validdocument/38db23899b2225acc540a2cc9b4dae45/,,,,,,,,,,,
http://nanotechnopolis.com/viewdocs/a09cfd617135eb9c20d0bb6fd6cdd9c9/,,,,,,,,,,,
http://kohchang-holidays.com/t-online/t0nline/user-verify.htm,,,,,,,,,,,
http://www.web2sale.com/wordpress/wp-content/upgrade/pnc.htm,,,,,,,,,,,
http://capsilab.com/wp-admin/css/colors/adobepdf/,,,,,,,,,,,
http://scoreyourexback.com/aol.net/www.aol.com/index.htm,,,,,,,,,,,
https://deliziedallasicilia.com/view2/file/index.php?name=,,,,,,,,,,,
http://www.apple2api.com/indexx.html,,,,,,,,,,,
http://hoiniki.by/wp-content/ngg/modules/1/sa/admin.html?cmd=login_submit&amp;id=248420c18892c8e878463efdf48d9656248420c18892c8e878463efdf48d9656&amp;session=248420c18892c8e878463efdf48d9656248420c18892c8e878463efdf48d9656,,,,,,,,,,,
http://hoiniki.by/wp-content/ngg/modules/1/sa/admin.html?cmd=login_submit&id=0db41d77f3f9e0096c6df6e1ec618a090db41d77f3f9e0096c6df6e1ec618a09&session=0db41d77f3f9e0096c6df6e1ec618a090db41d77f3f9e0096c6df6e1ec618a09,,,,,,,,,,,
http://fsdressbd.com/Resources/libraries/KJI/crypt/index.html,,,,,,,,,,,
http://usnnvery.hol.es/US.BANK/USDB/Home/home/auth/,,,,,,,,,,,
http://d662653.u-telcom.net/gggg/ayo1/,,,,,,,,,,,
http://abcroadandlockassistance.com/IWA/GD/,,,,,,,,,,,
http://d662653.u-telcom.net/ggg/ayo1/,,,,,,,,,,,
http://lhndemo.com/wp-css/update.html,,,,,,,,,,,
http://town-el.com/images/furniture/living-room/nrpgroup/docusign.com/ldcs/index.php,,,,,,,,,,,
http://zip.net/bltHKt,,,,,,,,,,,
http://desertsportswear.com/bankofamerica.com/c90da847db9803c2dc7bc28bfb1f52fc/,,,,,,,,,,,
http://desertsportswear.com/bankofamerica.com/b3bd4cd09ccfad2b4cc886674ed0f034/,,,,,,,,,,,
http://desertsportswear.com/bankofamerica.com/0851e47ba18dffc71d7473a5d26ede59/,,,,,,,,,,,
https://1drv.ms/xs/s!AvfOtwj8HUk3lALJBGk-H9s1dhiC,,,,,,,,,,,
http://ardobiejewska.pl/libraries/phputf8/mbstring/adb/nix.html,,,,,,,,,,,
https://mkt-santa.000webhostapp.com/app/dados.php,,,,,,,,,,,
https://protokolo.com/plugins/system/highlight/highlight.html,,,,,,,,,,,
http://www.southerncomfortmechanical.ca/confirmation-account/information-account.updates/webapps/2f93a/websrc?cmd=_login-submit&amp;dispatch=530cbda8dc79fcd6b9df9b946ccbcd2646a0b40233900e3f0b286b54a3b8f804f357d7cd,,,,,,,,,,,
https://novotelbd.asia/blooding/drpbdocs/,,,,,,,,,,,
http://sll.well.com.mangtonics.in/WellsNew/,,,,,,,,,,,
http://bestincs.com/Dropbox/Dropbox/Dropbox/WS/8544b70514b0449d008c7091a66d58f9/contlnue.php,,,,,,,,,,,
http://confluentc.com/images/excelfile/74432a853b79550cdab03dbb6bbd3497/,,,,,,,,,,,
http://revistatourgourmet.com/tmp/mail-box/TnpBNE16VTFPRGc1/?login=,,,,,,,,,,,
http://capsilab.com/wp-admin/css/colors/midnight/adobepdf/error.html,,,,,,,,,,,
http://www.nnordson.com/%7b%7d/1ccc2a9663830e10a51f54c41ff20bfd/,,,,,,,,,,,
http://cover-acct6445.esy.es/index.html,,,,,,,,,,,
https://wildfor.life/share/139/html/dfvAGds/doc147/74353cee37c9ecb6a451bc954bafca10/,,,,,,,,,,,
https://daydo-app.com/ibeacon/configuration/Billing/information/verification/secure/center/amz/moises/4da943b781212f12af6a38cec88316f4/welog.php,,,,,,,,,,,
http://www.ornamentmania.com/lib/gdoc-secure/gtex,,,,,,,,,,,
http://ioannasakellaraki.com/log/,,,,,,,,,,,
http://hetys.com/1/1/3a05e762b509f0ce34759e521fab7ff5/,,,,,,,,,,,
http://centreforcorporatecoaching.com/okaposa/engauto189/mailbox/mailbox/?email=abuse@navy.mil,,,,,,,,,,,
http://ansti.org/email/gmail/login.php,,,,,,,,,,,
http://lilistephens.com/2017/5634/,,,,,,,,,,,
http://michiganlegacyrun.org/wp-includes/images/media/docs/f9a9ed0650facc5c38a2e610e70531cc/,,,,,,,,,,,
http://michiganlegacyrun.org/wp-includes/images/media/docs/ecf6e39f4c4c31ce30a7ab3b73013d63/,,,,,,,,,,,
http://michiganlegacyrun.org/wp-includes/images/media/docs/cb526d16caaa76162cf2058f1e4e13b0/,,,,,,,,,,,
http://michiganlegacyrun.org/wp-includes/images/media/docs/66ec98fade446a1d5aaee83ecca64008/,,,,,,,,,,,
http://liceosanconrado.cl/02364LOJD/casts/,,,,,,,,,,,
http://michiganlegacyrun.org/wp-includes/images/media/docs/1f5b3affcbd626772a3bb23d1cbae1b9/,,,,,,,,,,,
http://michiganlegacyrun.org/wp-includes/images/media/docs/0980832a9d883da9ec7411b5161fdee6/,,,,,,,,,,,
http://lambabajunior.com/gaz/Googledrt1/login.php,,,,,,,,,,,
http://www.contasinativas.caixa.gov.br-fgts.gov.br.trabalhador.servicos_online.saldo_fgts.asp.cs31547.tmweb.ru/oferta.cliente,,,,,,,,,,,
http://www.adsensemart.com/dp/ayo1/ayo1/,,,,,,,,,,,
http://almihrab.com.my/dhl/adobelatest/adobe/,,,,,,,,,,,
http://acr.suisscard.ch.secure3.registrierung.suisstip.info/,,,,,,,,,,,
https://murraylorri145.000webhostapp.com/linkedsneed in page (1)/linkedsneed in page/index.html,,,,,,,,,,,
http://ativar-cadastro.pe.hu/ml/ml/mercadolivre/,,,,,,,,,,,
http://madilina.com/wordpress/error_txt/validate.htm,,,,,,,,,,,
http://internetbod.com/pod/?696e7465726e6574626f642e636f6d,,,,,,,,,,,
http://cover-acct0020.esy.es/index.html,,,,,,,,,,,
http://cover-acct5438.esy.es/index.html,,,,,,,,,,,
http://77.194.54.247/wordpress/online.hmrc.gov.uk/index.php,,,,,,,,,,,
http://email.windwardalerts.com/c/eJxtjjFvwyAQhX-NvVQgOIMhA0PSONkytNkrfJDElR0sjGX535eokoeqy9Ppe_fuHZp1Ny596Yyzddti2RlgXDHJgEMluaZVrYEKCVpQLvXppJtDIdjSPd1io7O9j2miGIbyYQA1olOtUO1NWkThAVSrdrVAjnizZW_-yUXz7WNc6RAeMV8O0d_Dc0o2eerdXA4rwXlKYSDOJmsKdSgAPprzcX9t8lRU-6z555pwIFy_MZVRJbOApOy1Ae9Z7zHM41fntgjfrOSHsc91m6t--Wdzuf5tUYRJwuCF1PEHscdZow,,,,,,,,,,,
http://baltkagroup.com/mailcheck/source/,,,,,,,,,,,
https://owa1.everettwa.gov/owa/redir.aspx?REF=obqYAThLp4L9jJOGzEjm-P5AtCThSBRbx9Z-PoSxdMISrf9VbpHUCAFodHRwOi8vb3V0bGxvay13ZWItYXBwLjAwMHdlYmhvc3RhcHAuY29tLw,,,,,,,,,,,
http://www.botecodomarianobit.com/pages2/inter/home.html,,,,,,,,,,,
http://premiosmastercard.esy.es/W!645/index/,,,,,,,,,,,
https://goo.gl/JVVHeA,,,,,,,,,,,
http://bit.ly/2qww0gG,,,,,,,,,,,
http://adsensemart.com/dp/ayo1/ayo1/,,,,,,,,,,,
http://tauruswelding.com/flight/stage/af/ad/ghjk/pvtd_clnt/index2.php,,,,,,,,,,,
https://c4cqk784.caspio.com/dp.asp?AppKey=a6d75000a94cc2e429f041f0a6aa,,,,,,,,,,,
http://caixaonlinefgts.hostkda.com/pages/,,,,,,,,,,,
http://telegraphycoursemorse.com/cielo/,,,,,,,,,,,
https://tinyurl.com/mt5hquu,,,,,,,,,,,
http://contasinativascaixafgts.name/caixa.gov.br/pages/inter/index.php,,,,,,,,,,,
http://signin.amazon.co.uk-prime.form-unsuscribe.id-7816.nproofing.com.au/ren/op/,,,,,,,,,,,
http://primoframe.com/amber/,,,,,,,,,,,
http://tinyurl.com/katfbes,,,,,,,,,,,
http://consultabeneficiosmirror01.esy.es/Consulta/acesso/,,,,,,,,,,,
http://tinyurl.com/n8g7wy8,,,,,,,,,,,
http://adpportal.hol.es/adp.payrollchanges/,,,,,,,,,,,
http://ts4.96.lt/i/,,,,,,,,,,,
http://diariapromotionspecial.com/OFERTAS11910apc/produto.php?linkcompleto=smartphone-samsung-galaxy-j5-sm-j500m-ds-dourado-dual-chip-android-5-1-lollipop-4g-wi-fi-16gb/3216990/pr&amp;id=1,,,,,,,,,,,
http://innamorata.com.ar/melodyfriespitchment/Docusign/index.php,,,,,,,,,,,
http://promotion-smart.com/iphone5s.html,,,,,,,,,,,
http://designaxis.net/secure-doc/DropNewVasion/Fresh/,,,,,,,,,,,
http://ornamentmania.com/shell/gdoc-secure/gtex/,,,,,,,,,,,
http://euromina.com.vn/%20%20/home/pessoa-fisica.php,,,,,,,,,,,
http://attlw.net/m/cprodx.att.net/commonLogin/igate_edam/controller.html,,,,,,,,,,,
http://check-your-acct2017.esy.es/index.html,,,,,,,,,,,
http://websitebuilder102.website.com/ITservice1/,,,,,,,,,,,
http://purchase-order.esy.es/purchase/document.html,,,,,,,,,,,
http://w-reia.com/wichita/new.php?cmd=login_submit&amp;id=c5ef67cb72016b6c896e0aa051aac462c5ef67cb72016b6c896e0aa051aac462&amp;session=c5ef67cb72016b6c896e0aa051aac462c5ef67cb72016b6c896e0aa051aac462,,,,,,,,,,,
http://xicksy.win/xhht4ff2odc.html,,,,,,,,,,,
http://check-updates-app.hol.es/logins.php,,,,,,,,,,,
http://check-updates-app.hol.es/system-confirmation-fb,,,,,,,,,,,
http://mygosecure.com/?a=510&amp;oc=1439&amp;c=3785&amp;s1=50pop&amp;s2=wO9BGNF3JGBSJ4251UEKK7G6,,,,,,,,,,,
http://mygosecure.com/?a=510&amp;oc=1438&amp;c=3785&amp;s1=50pop&amp;s2=wB7G736APO9H2325H8QTRNI0,,,,,,,,,,,
http://www.hallwaystreetsigns.com/pdfs/home/bfbe060107cd442c604ff0a69cc8a940/,,,,,,,,,,,
http://chmsry.org.za/Topultimatenew/product/products/,,,,,,,,,,,
http://centreforcorporatecoaching.com/okaposa/engauto189/mailbox/mailbox/?email=abuse@dla.mil,,,,,,,,,,,
http://centreforcorporatecoaching.com/okaposa/engauto189/mailbox/mailbox/?email=donald.oflaherty@dla.,,,,,,,,,,,
http://advancemedical-sa.com/file/review.pg/manage/,,,,,,,,,,,
http://yanluxe.com/wp-content/themes/idstore/js/index.php,,,,,,,,,,,
http://www.sicoobcard.net.br/413123/inicio.html,,,,,,,,,,,
http://check091.hol.es/log11.php,,,,,,,,,,,
http://supports01123.hol.es/facebook-confirmation,,,,,,,,,,,
http://halpcenter-001acontscheck.esy.es/recovery-chekpoint-login.html,,,,,,,,,,,
http://ecutrack.com/box1/,,,,,,,,,,,
http://cop.com.pe/wp-content/adobee/adobe.php,,,,,,,,,,,
https://shobiziems.com/dreamforce/sess/ca43f279b087320cba6ba3087a8f1f39/,,,,,,,,,,,
http://lhhaokailighting.com/wellsfargo.Gucci/identity.php,,,,,,,,,,,
http://siyacom.net/listoforderitemsneededforurgentsupply/cgi-bin/fomfix/form/,,,,,,,,,,,
http://www.service-freeboxligne.com/assurez/9ae75b651ab5a58462046a33308528b8/,,,,,,,,,,,
http://service-freeboxligne.com/assurez/,,,,,,,,,,,
http://tisch-und-decke.de/Gon/cpanel/,,,,,,,,,,,
http://bunchyogurt.com/wp-content/themes/x/framework/css/index.php?email=abuse@ivl.com.cn,,,,,,,,,,,
http://confluentc.com/images/excelfile/1bfc02a75ee568412279b969645fd856/,,,,,,,,,,,
http://wish4job.com/page/mpelidrop.html,,,,,,,,,,,
http://mzansinet.co.za/log/all/d/DHL%20AUTO/,,,,,,,,,,,
http://recoveri-legalfb-acct2017.esy.es/index.html,,,,,,,,,,,
http://cover-acct0926.esy.es/index.html,,,,,,,,,,,
http://resolve-acct6548.esy.es/recovery-chekpoint-login.html,,,,,,,,,,,
http://yeusinhly.com.vn/t.php,,,,,,,,,,,
http://yeusinhly.com.vn/themes/in.php,,,,,,,,,,,
http://www.sqi-mail.com/Dropbox/d231f317f2b3e9015b76d9fff7746648/verify.php,,,,,,,,,,,
http://mdllanos.com/wp/qouta/Aldomain/mailbox/domain/,,,,,,,,,,,
http://baitherbackreview.com/wp-content/gtex/,,,,,,,,,,,
http://amirerfanian.ir/wp-admin/ivxn/home/,,,,,,,,,,,
http://habercinimnette.tk/index2.php,,,,,,,,,,,
http://www.santiagoingaramo.com.ar/tmp/Google101/Google/dld/us/,,,,,,,,,,,
https://footkre.in/docusingn/index.php,,,,,,,,,,,
http://www.maxiking.com.bo/LLC/Limited/,,,,,,,,,,,
http://support-5560.hol.es/log1.php,,,,,,,,,,,
http://www.geko.fr/components/com_contact/models/new/1.php,,,,,,,,,,,
https://mskindia.net/security/frontier/frontier.html,,,,,,,,,,,
http://innoscript.nl/paypal-customer/webapps/,,,,,,,,,,,
http://himatemia.undip.ac.id/wp-content/uploads/2017/02/Zeska_seznam_verify-email_security/general_login.htm,,,,,,,,,,,
http://13453765871837679316.googlegroups.com/attach/5ed5d019a6363180/docfile..htm?&part=0.1&vt=ANaJVrELX7NKcIMUkdidxvAdhQuUw_6dUMv6jnRoCp5FkkK8RMFqQNCe4WvwNb2mVYX7DkJKGgXSTnSz9gu83T6oQz8r5DURp5sD_skSDan8bCuVMMmpUvU,,,,,,,,,,,
http://www.andrewrobertsllc.info/adobe/adb/83d3ff008ee17e6bcc985ac921303666/index2.htm,,,,,,,,,,,
http://bit.ly/2oOkGv9,,,,,,,,,,,
,,,,,,,,,,,
,,,,,,,,,,,
,,,,,,,,,,,
,,,,,,,,,,,
,,,,,,,,,,,
,,,,,,,,,,,
,,,,,,,,,,,
,,,,,,,,,,,
,,,,,,,,,,,
,,,,,,,,,,,
,,,,,,,,,,,
,,,,,,,,,,,
,,,,,,,,,,,
,,,,,,,,,,,
,,,,,,,,,,,
,,,,,,,,,,,
,,,,,,,,,,,
,,,,,,,,,,,
,,,,,,,,,,,
,,,,,,,,,,,
,,,,,,,,,,,
,,,,,,,,,,,
,,,,,,,,,,,
,,,,,,,,,,,
,,,,,,,,,,,
,,,,,,,,,,,
,,,,,,,,,,,
,,,,,,,,,,,
,,,,,,,,,,,
,,,,,,,,,,,
,,,,,,,,,,,
,,,,,,,,,,,
,,,,,,,,,,,
,,,,,,,,,,,
,,,,,,,,,,,
,,,,,,,,,,,
,,,,,,,,,,,
,,,,,,,,,,,
,,,,,,,,,,,
,,,,,,,,,,,
,,,,,,,,,,,
,,,,,,,,,,,
,,,,,,,,,,,
,,,,,,,,,,,
,,,,,,,,,,,
,,,,,,,,,,,
,,,,,,,,,,,
,,,,,,,,,,,
,,,,,,,,,,,
,,,,,,,,,,,
,,,,,,,,,,,
,,,,,,,,,,,
,,,,,,,,,,,
,,,,,,,,,,,
,,,,,,,,,,,
,,,,,,,,,,,
,,,,,,,,,,,
,,,,,,,,,,,
,,,,,,,,,,,
,,,,,,,,,,,
,,,,,,,,,,,
,,,,,,,,,,,
,,,,,,,,,,,
,,,,,,,,,,,
,,,,,,,,,,,
,,,,,,,,,,,
,,,,,,,,,,,
,,,,,,,,,,,
,,,,,,,,,,,
,,,,,,,,,,,
,,,,,,,,,,,
,,,,,,,,,,,
,,,,,,,,,,,
,,,,,,,,,,,
,,,,,,,,,,,
,,,,,,,,,,,
,5,42,am,0,29,2017,q,1,/admin.asp,,
,,,,,,,,,,,
,,,,,,,,,,,
,,,,,,,,,,,
,,,,,,,,,,,
,,,,,,,,,,,
,,,,,,,,,,,
,,,,,,,,,,,
,,,,,,,,,,,
,,,,,,,,,,,
,,,,,,,,,,,
,,,,,,,,,,,
,,,,,,,,,,,
,,,,,,,,,,,
,,,,,,,,,,,
,,,,,,,,,,,
,,,,,,,,,,,
,,,,,,,,,,,
,,,,,,,,,,,
,,,,,,,,,,,
,,,,,,,,,,,
,,,,,,,,,,,
,,,,,,,,,,,
,,,,,,,,,,,
,,,,,,,,,,,
,,,,,,,,,,,
,,,,,,,,,,,
,,,,,,,,,,,
,,,,,,,,,,,
,,,,,,,,,,,
,,,,,,,,,,,
,,,,,,,,,,,
,,,,,,,,,,,
,,,,,,,,,,,
,,,,,,,,,,,
,,,,,,,,,,,
,,,,,,,,,,,
,,,,,,,,,,,
,,,,,,,,,,,
,,,,,,,,,,,
,,,,,,,,,,,
,,,,,,,,,,,
,,,,,,,,,,,
,,,,,,,,,,,
,,,,,,,,,,,
,,,,,,,,,,,
,,,,,,,,,,,
,,,,,,,,,,,
,,,,,,,,,,,
,,,,,,,,,,,
,,,,,,,,,,,
,,,,,,,,,,,
,,,,,,,,,,,
,,,,,,,,,,,
,,,,,,,,,,,
,,,,,,,,,,,
,,,,,,,,,,,
,,,,,,,,,,,
,,,,,,,,,,,
,,,,,,,,,,,
,,,,,,,,,,,
,,,,,,,,,,,
,,,,,,,,,,,
,,,,,,,,,,,
,,,,,,,,,,,
,,,,,,,,,,,
,,,,,,,,,,,
,,,,,,,,,,,
,,,,,,,,,,,
,,,,,,,,,,,
,,,,,,,,,,,
,,,,,,,,,,,
,,,,,,,,,,,
,,,,,,,,,,,
,,,,,,,,,,,
,,,,,,,,,,,
,,,,,,,,,,,
,,,,,,,,,,,
,,,,,,,,,,,
,,,,,,,,,,,
,,,,,,,,,,,
,,,,,,,,,,,
,,,,,,,,,,,
,,,,,,,,,,,
,,,,,,,,,,,
,,,,,,,,,,,
,,,,,,,,,,,
,,,,,,,,,,,
,,,,,,,,,,,
,,,,,,,,,,,
,,,,,,,,,,,
,,,,,,,,,,,
,,,,,,,,,,,
,,,,,,,,,,,
,,,,,,,,,,,
,,,,,,,,,,,
,,,,,,,,,,,
,,,,,,,,,,,
,,,,,,,,,,,
,,,,,,,,,,,
,,,,,,,,,,,
,,,,,,,,,,,
,,,,,,,,,,,
,,,,,,,,,,,
,,,,,,,,,,,
,,,,,,,,,,,
,,,,,,,,,,,
,,,,,,,,,,,
,,,,,,,,,,,
,,,,,,,,,,,
,,,,,,,,,,,
,,,,,,,,,,,
,,,,,,,,,,,
,,,,,,,,,,,
,,,,,,,,,,,
,,,,,,,,,,,
,,,,,,,,,,,
,,,,,,,,,,,
,,,,,,,,,,,
,,,,,,,,,,,
,,,,,,,,,,,
,,,,,,,,,,,
,,,,,,,,,,,
,,,,,,,,,,,
,,,,,,,,,,,
,,,,,,,,,,,
,,,,,,,,,,,
,,,,,,,,,,,
,,,,,,,,,,,
,,,,,,,,,,,
,,,,,,,,,,,
,,,,,,,,,,,
,,,,,,,,,,,
,,,,,,,,,,,
,,,,,,,,,,,
,,,,,,,,,,,
,,,,,,,,,,,
,,,,,,,,,,,
,,,,,,,,,,,
,,,,,,,,,,,
,,,,,,,,,,,
,,,,,,,,,,,
,,,,,,,,,,,
,,,,,,,,,,,
,,,,,,,,,,,
,,,,,,,,,,,
,,,,,,,,,,,
,,,,,,,,,,,
,,,,,,,,,,,
,,,,,,,,,,,
,,,,,,,,,,,
,,,,,,,,,,,
,,,,,,,,,,,
,,,,,,,,,,,
,,,,,,,,,,,
,,,,,,,,,,,
,,,,,,,,,,,
,,,,,,,,,,,
,,,,,,,,,,,
,,,,,,,,,,,
,,,,,,,,,,,
,,,,,,,,,,,
,,,,,,,,,,,
,,,,,,,,,,,
,,,,,,,,,,,
,,,,,,,,,,,
,,,,,,,,,,,
,,,,,,,,,,,
,,,,,,,,,,,
,,,,,,,,,,,
,,,,,,,,,,,
,,,,,,,,,,,
,,,,,,,,,,,
,,,,,,,,,,,
,,,,,,,,,,,
,,,,,,,,,,,
,,,,,,,,,,,
,,,,,,,,,,,
,,,,,,,,,,,
,,,,,,,,,,,
,,,,,,,,,,,
,,,,,,,,,,,
,,,,,,,,,,,
,,,,,,,,,,,
,,,,,,,,,,,
,,,,,,,,,,,
,,,,,,,,,,,
,,,,,,,,,,,
,,,,,,,,,,,
,,,,,,,,,,,
,,,,,,,,,,,
,,,,,,,,,,,
,,,,,,,,,,,
,,,,,,,,,,,
,,,,,,,,,,,
,,,,,,,,,,,
,,,,,,,,,,,
,,,,,,,,,,,
,,,,,,,,,,,
,,,,,,,,,,,
,,,,,,,,,,,
,,,,,,,,,,,
,,,,,,,,,,,
,,,,,,,,,,,
,,,,,,,,,,,
,,,,,,,,,,,
,,,,,,,,,,,
,,,,,,,,,,,
,23,59,18,5,11,11,3,0,31,Wed,%2003%20May%202017%2023:59:18%20+0000
,,,,,,,,,,,
,,,,,,,,,,,
,,,,,,,,,,,
,,,,,,,,,,,
,,,,,,,,,,,
,,,,,,,,,,,
,,,,,,,,,,,
,,,,,,,,,,,
,,,,,,,,,,,
,,,,,,,,,,,
,,,,,,,,,,,
,,,,,,,,,,,
,,,,,,,,,,,
,,,,,,,,,,,
,,,,,,,,,,,
,,,,,,,,,,,
,,,,,,,,,,,
,,,,,,,,,,,
,,,,,,,,,,,
,,,,,,,,,,,
,,,,,,,,,,,
,,,,,,,,,,,
,,,,,,,,,,,
,,,,,,,,,,,
,,,,,,,,,,,
,,,,,,,,,,,
,,,,,,,,,,,
,,,,,,,,,,,
,,,,,,,,,,,
,,,,,,,,,,,
,,,,,,,,,,,
,,,,,,,,,,,
,,,,,,,,,,,
,,,,,,,,,,,
,,,,,,,,,,,
,,,,,,,,,,,
,,,,,,,,,,,
,,,,,,,,,,,
,,,,,,,,,,,
,,,,,,,,,,,
,,,,,,,,,,,
,,,,,,,,,,,
,,,,,,,,,,,
,,,,,,,,,,,
,,,,,,,,,,,
,,,,,,,,,,,
,,,,,,,,,,,
,,,,,,,,,,,
,,,,,,,,,,,
,,,,,,,,,,,
,,,,,,,,,,,
,,,,,,,,,,,
,,,,,,,,,,,
,,,,,,,,,,,
,,,,,,,,,,,
,,,,,,,,,,,
,,,,,,,,,,,
,,,,,,,,,,,
,3,3,2,9,Oferta=id.html,,,,,,
,,,,,,,,,,,
,,,,,,,,,,,
,,,,,,,,,,,
,,,,,,,,,,,
,,,,,,,,,,,
,,,,,,,,,,,
,,,,,,,,,,,
,,,,,,,,,,,
,,,,,,,,,,,
,,,,,,,,,,,
,,,,,,,,,,,
,,,,,,,,,,,
,,,,,,,,,,,
,,,,,,,,,,,
,,,,,,,,,,,
,,,,,,,,,,,
,,,,,,,,,,,
,,,,,,,,,,,
,,,,,,,,,,,
,,,,,,,,,,,
,,,,,,,,,,,
,,,,,,,,,,,
,,,,,,,,,,,
,,,,,,,,,,,
,,,,,,,,,,,
,,,,,,,,,,,
,,,,,,,,,,,
,,,,,,,,,,,
,,,,,,,,,,,
,,,,,,,,,,,
,,,,,,,,,,,
,,,,,,,,,,,
,,,,,,,,,,,
,,,,,,,,,,,
,,,,,,,,,,,
,,,,,,,,,,,
,,,,,,,,,,,
,,,,,,,,,,,
,,,,,,,,,,,
,,,,,,,,,,,
,,,,,,,,,,,
,,,,,,,,,,,
,,,,,,,,,,,
,,,,,,,,,,,
,,,,,,,,,,,
,,,,,,,,,,,
,,,,,,,,,,,
,,,,,,,,,,,
,,,,,,,,,,,
,,,,,,,,,,,
,,,,,,,,,,,
,,,,,,,,,,,
,,,,,,,,,,,
,,,,,,,,,,,
,,,,,,,,,,,
,,,,,,,,,,,
,,,,,,,,,,,
,,,,,,,,,,,
,,,,,,,,,,,
,,,,,,,,,,,
,,,,,,,,,,,
,,,,,,,,,,,
,,,,,,,,,,,
,,,,,,,,,,,
,,,,,,,,,,,
,,,,,,,,,,,
,,,,,,,,,,,
,,,,,,,,,,,
,,,,,,,,,,,
,,,,,,,,,,,
,,,,,,,,,,,
,,,,,,,,,,,
,,,,,,,,,,,
,,,,,,,,,,,
,,,,,,,,,,,
,,,,,,,,,,,
,,,,,,,,,,,
,,,,,,,,,,,
,,,,,,,,,,,
,,,,,,,,,,,
,,,,,,,,,,,
,,,,,,,,,,,
,,,,,,,,,,,
,,,,,,,,,,,
,,,,,,,,,,,
,,,,,,,,,,,
,,,,,,,,,,,
,,,,,,,,,,,
,,,,,,,,,,,
,,,,,,,,,,,
,,,,,,,,,,,
,,,,,,,,,,,
,,,,,,,,,,,
,,,,,,,,,,,
,,,,,,,,,,,
,,,,,,,,,,,
,,,,,,,,,,,
,,,,,,,,,,,
,,,,,,,,,,,
,,,,,,,,,,,
,,,,,,,,,,,
,,,,,,,,,,,
,,,,,,,,,,,
,,,,,,,,,,,
,,,,,,,,,,,
,,,,,,,,,,,
,,,,,,,,,,,
,,,,,,,,,,,
,,,,,,,,,,,
,,,,,,,,,,,
,,,,,,,,,,,
,,,,,,,,,,,
,,,,,,,,,,,
,,,,,,,,,,,
,,,,,,,,,,,
,,,,,,,,,,,
,,,,,,,,,,,
,,,,,,,,,,,
,,,,,,,,,,,
,,,,,,,,,,,
,,,,,,,,,,,
,,,,,,,,,,,
,,,,,,,,,,,
,,,,,,,,,,,
,,,,,,,,,,,
,,,,,,,,,,,
,,,,,,,,,,,
,,,,,,,,,,,
,,,,,,,,,,,
,,,,,,,,,,,
,,,,,,,,,,,
,,,,,,,,,,,
,,,,,,,,,,,
,,,,,,,,,,,
,,,,,,,,,,,
,,,,,,,,,,,
,,,,,,,,,,,
,,,,,,,,,,,
,,,,,,,,,,,
,,,,,,,,,,,
,,,,,,,,,,,
,,,,,,,,,,,
,,,,,,,,,,,
,,,,,,,,,,,
,,,,,,,,,,,
,,,,,,,,,,,
,,,,,,,,,,,
,,,,,,,,,,,
,,,,,,,,,,,
,,,,,,,,,,,
,,,,,,,,,,,
,,,,,,,,,,,
,,,,,,,,,,,
,,,,,,,,,,,
,,,,,,,,,,,
,,,,,,,,,,,
,,,,,,,,,,,
,,,,,,,,,,,
,,,,,,,,,,,
,,,,,,,,,,,
,,,,,,,,,,,
,,,,,,,,,,,
,1,9,7,5,Oferta=id.html,,,,,,
,,,,,,,,,,,
,,,,,,,,,,,
,,,,,,,,,,,
,,,,,,,,,,,
,,,,,,,,,,,
,,,,,,,,,,,
,,,,,,,,,,,
,,,,,,,,,,,
,,,,,,,,,,,
,,,,,,,,,,,
,,,,,,,,,,,
,,,,,,,,,,,
,,,,,,,,,,,
,,,,,,,,,,,
,,,,,,,,,,,
,,,,,,,,,,,
,,,,,,,,,,,
,,,,,,,,,,,
,,,,,,,,,,,
,,,,,,,,,,,
,,,,,,,,,,,
,,,,,,,,,,,
,,,,,,,,,,,
,,,,,,,,,,,
,,,,,,,,,,,
,,,,,,,,,,,
,,,,,,,,,,,
,,,,,,,,,,,
,,,,,,,,,,,
,,,,,,,,,,,
,,,,,,,,,,,
,,,,,,,,,,,
,,,,,,,,,,,
,,,,,,,,,,,
,,,,,,,,,,,
,,,,,,,,,,,
,,,,,,,,,,,
,,,,,,,,,,,
,,,,,,,,,,,
,,,,,,,,,,,
,,,,,,,,,,,
,,,,,,,,,,,
,,,,,,,,,,,
,,,,,,,,,,,
,,,,,,,,,,,
,,,,,,,,,,,
,,,,,,,,,,,
,,,,,,,,,,,
,,,,,,,,,,,
,,,,,,,,,,,
,,,,,,,,,,,
,,,,,,,,,,,
,,,,,,,,,,,
,,,,,,,,,,,
,,,,,,,,,,,
,,,,,,,,,,,
,,,,,,,,,,,
,,,,,,,,,,,
,,,,,,,,,,,
,,,,,,,,,,,
,,,,,,,,,,,
,,,,,,,,,,,
,,,,,,,,,,,
,,,,,,,,,,,
,,,,,,,,,,,
,,,,,,,,,,,
,,,,,,,,,,,
,,,,,,,,,,,
,,,,,,,,,,,
,,,,,,,,,,,
,,,,,,,,,,,
,,,,,,,,,,,
,,,,,,,,,,,
,,,,,,,,,,,
,,,,,,,,,,,
,,,,,,,,,,,
,,,,,,,,,,,
,,,,,,,,,,,
,,,,,,,,,,,
,,,,,,,,,,,
,,,,,,,,,,,
,,,,,,,,,,,
,,,,,,,,,,,
,,,,,,,,,,,
,,,,,,,,,,,
,,,,,,,,,,,
,,,,,,,,,,,
,,,,,,,,,,,
,,,,,,,,,,,
,,,,,,,,,,,
,,,,,,,,,,,
,,,,,,,,,,,
,,,,,,,,,,,
,,,,,,,,,,,
,,,,,,,,,,,
,,,,,,,,,,,
,,,,,,,,,,,
,,,,,,,,,,,
,,,,,,,,,,,
,,,,,,,,,,,
,,,,,,,,,,,
,,,,,,,,,,,
,,,,,,,,,,,
,,,,,,,,,,,
,,,,,,,,,,,
,,,,,,,,,,,
,,,,,,,,,,,
,,,,,,,,,,,
,,,,,,,,,,,
,,,,,,,,,,,
,,,,,,,,,,,
,,,,,,,,,,,
,,,,,,,,,,,
,,,,,,,,,,,
,,,,,,,,,,,
,,,,,,,,,,,
,,,,,,,,,,,
,,,,,,,,,,,
,,,,,,,,,,,
,,,,,,,,,,,
,,,,,,,,,,,
,,,,,,,,,,,
,,,,,,,,,,,
,,,,,,,,,,,
,,,,,,,,,,,
,,,,,,,,,,,
,,,,,,,,,,,
,,,,,,,,,,,
,,,,,,,,,,,
,,,,,,,,,,,
,,,,,,,,,,,
,,,,,,,,,,,
,,,,,,,,,,,
,,,,,,,,,,,
,,,,,,,,,,,
,,,,,,,,,,,
,,,,,,,,,,,
,,,,,,,,,,,
,,,,,,,,,,,
,,,,,,,,,,,
,,,,,,,,,,,
,,,,,,,,,,,
,,,,,,,,,,,
,,,,,,,,,,,
,,,,,,,,,,,
,,,,,,,,,,,
,,,,,,,,,,,
,,,,,,,,,,,
,,,,,,,,,,,
,,,,,,,,,,,
,,,,,,,,,,,
,,,,,,,,,,,
,,,,,,,,,,,
,,,,,,,,,,,
,,,,,,,,,,,
,,,,,,,,,,,
,,,,,,,,,,,
,,,,,,,,,,,
,,,,,,,,,,,
,,,,,,,,,,,
,,,,,,,,,,,
,,,,,,,,,,,
,,,,,,,,,,,
,,,,,,,,,,,
,,,,,,,,,,,
,,,,,,,,,,,
,,,,,,,,,,,
,,,,,,,,,,,
,,,,,,,,,,,
,,,,,,,,,,,
,,,,,,,,,,,
,,,,,,,,,,,
,,,,,,,,,,,
,,,,,,,,,,,
,,,,,,,,,,,
,,,,,,,,,,,
,,,,,,,,,,,
,,,,,,,,,,,
,,,,,,,,,,,
,,,,,,,,,,,
,,,,,,,,,,,
,,,,,,,,,,,
,,,,,,,,,,,
,,,,,,,,,,,
,,,,,,,,,,,
,,,,,,,,,,,
,,,,,,,,,,,
,,,,,,,,,,,
,,,,,,,,,,,
,,,,,,,,,,,
,,,,,,,,,,,
,,,,,,,,,,,
,,,,,,,,,,,
,,,,,,,,,,,
,,,,,,,,,,,
,,,,,,,,,,,
,,,,,,,,,,,
,,,,,,,,,,,
,,,,,,,,,,,
,,,,,,,,,,,
,,,,,,,,,,,
,,,,,,,,,,,
,,,,,,,,,,,
,,,,,,,,,,,
,,,,,,,,,,,
,,,,,,,,,,,
,,,,,,,,,,,
,,,,,,,,,,,
,,,,,,,,,,,
,,,,,,,,,,,
,,,,,,,,,,,
,,,,,,,,,,,
,,,,,,,,,,,
,,,,,,,,,,,
,,,,,,,,,,,
,,,,,,,,,,,
,,,,,,,,,,,
,,,,,,,,,,,
,,,,,,,,,,,
,,,,,,,,,,,
,,,,,,,,,,,
,,,,,,,,,,,
,,,,,,,,,,,
,,,,,,,,,,,
,,,,,,,,,,,
,,,,,,,,,,,
,,,,,,,,,,,
,,,,,,,,,,,
,,,,,,,,,,,
,,,,,,,,,,,
,,,,,,,,,,,
,,,,,,,,,,,
,,,,,,,,,,,
,,,,,,,,,,,
,,,,,,,,,,,
,,,,,,,,,,,
,,,,,,,,,,,
,,,,,,,,,,,
,,,,,,,,,,,
,,,,,,,,,,,
,,,,,,,,,,,
,,,,,,,,,,,
,,,,,,,,,,,
,,,,,,,,,,,
,,,,,,,,,,,
,,,,,,,,,,,
,,,,,,,,,,,
,,,,,,,,,,,
,,,,,,,,,,,
,,,,,,,,,,,
,,,,,,,,,,,
,,,,,,,,,,,
,,,,,,,,,,,
,,,,,,,,,,,
,,,,,,,,,,,
,,,,,,,,,,,
,,,,,,,,,,,
,,,,,,,,,,,
,,,,,,,,,,,
,,,,,,,,,,,
,,,,,,,,,,,
,,,,,,,,,,,
,,,,,,,,,,,
,,,,,,,,,,,
,,,,,,,,,,,
,,,,,,,,,,,
,46,36,PM,119,4,4,u,30,12,o,Sunday.asp
